Warm Stool Imternational,Micronesia,warmstoolimternational.com,596500,Bandanna
Royal Crab Team,Kuwait,royalcrabteam.com,23200,Profession
Cute Pier Imternational,Denmark,cutepierimternational.com,91300,Altar
Voracious Footrest Group,South Sudan,voraciousfootrestgroup.com,870900,Afternoon
Comfortable Sermon Company,Macedonia,comfortablesermoncompany.com,399200,Torte
Impartial Gym Company,Poland,impartialgymcompany.com,179800,Sorbet
Defective Food Cooperation,Burkina,defectivefoodcooperation.com,821600,Mime
Sweet Appropriation Team,China,sweetappropriationteam.com,133300,Electricity
Bawdy Ectoderm Company,Tuvalu,bawdyectodermcompany.com,485500,Parachute
Abusive Caribou Group,Azerbaijan,abusivecaribougroup.com,976100,Lace
Brief Twine Cooperation,Azerbaijan,brieftwinecooperation.com,153200,Myth
Real Cymbal Cooperation,Comoros,realcymbalcooperation.com,637000,Cesspool
Determined Part Cooperation,Kenya,determinedpartcooperation.com,812500,Pimple
Flashy Perch Inc.,Iran,flashyperchinc..com,618900,Athletics
Incompetent Fog Inc.,Bahamas,incompetentfoginc..com,887200,Porcupine
Terrible Legume Group,Indonesia,terriblelegumegroup.com,818500,Blister
Elderly Casement Cooperation,Somalia,elderlycasementcooperation.com,721000,Shanty
Easy Dealer Group,Switzerland,easydealergroup.com,821400,Affiliate
Inconclusive Savings Company,Indonesia,inconclusivesavingscompany.com,164900,Icecream
Friendly Draw Team,Bahamas,friendlydrawteam.com,714300,Sky
Jumbled Experiment Inc.,United Arab Emirates,jumbledexperimentinc..com,552100,Insurrection
Wrong Bough Company,Greece,wrongboughcompany.com,298300,Piracy
Overwrought Strobe Imternational,Nauru,overwroughtstrobeimternational.com,948600,Singer
Unarmed Panty Imternational,United Arab Emirates,unarmedpantyimternational.com,459700,Spawn
Icy Cafe Team,Turkmenistan,icycafeteam.com,309200,Oxygen
Ritzy Timer Team,Poland,ritzytimerteam.com,608300,Abbey
Freezing Idiom Group,Nauru,freezingidiomgroup.com,170500,Paramecium
Steadfast Law Cooperation,Nicaragua,steadfastlawcooperation.com,416700,Mouth
Detailed Aftershock Imternational,Malawi,detailedaftershockimternational.com,424600,Contractor
Incompetent Pond Cooperation,Uganda,incompetentpondcooperation.com,636400,Chasuble
Prickly Fee Team,Jordan,pricklyfeeteam.com,8300,Example
Devilish Minimalism Company,Netherlands,devilishminimalismcompany.com,27400,Median
Robust Waitress Cooperation,Lebanon,robustwaitresscooperation.com,750300,Deduce
Gusty Teammate Inc.,Qatar,gustyteammateinc..com,399600,Downforce
Mature Structure Group,Lesotho,maturestructuregroup.com,854200,Motor
Bashful Coupon Team,Japan,bashfulcouponteam.com,96100,Collaboration
Towering Assassination Company,Algeria,toweringassassinationcompany.com,147100,Concrete
Wooden Archaeologist Inc.,Bolivia,woodenarchaeologistinc..com,339800,Conclusion
Cooperative Brunch Cooperation,Papua New Guinea,cooperativebrunchcooperation.com,865900,Panic
Erect Party Team,Solomon Islands,erectpartyteam.com,436500,Vertigo
Flowery Teletype Imternational,Lithuania,floweryteletypeimternational.com,188200,Counter
Daffy Lock Inc.,El Salvador,daffylockinc..com,206400,Wiretap
Glossy Cranky Team,Tanzania,glossycrankyteam.com,661700,Stupidity
Happy Edge Imternational,Cameroon,happyedgeimternational.com,933300,Refrigerator
Victorious Movement Inc.,Bhutan,victoriousmovementinc..com,350800,Crewmember
Abaft Pay Group,Botswana,abaftpaygroup.com,858400,Standard
Tightfisted Ligula Imternational,Qatar,tightfistedligulaimternational.com,447700,Livestock
Flawless Cash Team,Israel,flawlesscashteam.com,989100,Dragonfly
Expensive Ostrich Imternational,Zimbabwe,expensiveostrichimternational.com,885900,Helicopter
Perpetual Lot Imternational,Maldives,perpetuallotimternational.com,438300,Issue
Plastic Tray Group,Madagascar,plastictraygroup.com,249300,Dispute
Tan Wick Company,Nicaragua,tanwickcompany.com,182600,Maybe
Sincere Readiness Inc.,Dominican Republic,sincerereadinessinc..com,208900,Spice
Garrulous Lamp Cooperation,Luxembourg,garrulouslampcooperation.com,433800,Variant
Towering Thaw Company,Gabon,toweringthawcompany.com,316400,Synonym
Imperfect Insomnia Group,Switzerland,imperfectinsomniagroup.com,451500,Relaxation
Crazy Shear Cooperation,Somalia,crazyshearcooperation.com,887700,Hide
Naughty Homonym Company,Mozambique,naughtyhomonymcompany.com,320400,Warming
Average Locomotive Company,Marshall Islands,averagelocomotivecompany.com,831500,Echidna
Jaded Nucleotidase Imternational,Malaysia,jadednucleotidaseimternational.com,978100,Embryo
Dazzling Commodity Company,Portugal,dazzlingcommoditycompany.com,548700,Wasp
Tough Declaration Inc.,Sweden,toughdeclarationinc..com,983200,Nourishment
Real Floozie Imternational,Croatia,realfloozieimternational.com,307000,Baboon
Combative Wool Company,Paraguay,combativewoolcompany.com,946700,Elver
Good Bump Team,Lithuania,goodbumpteam.com,219900,Wingtip
Troubled Interviewer Company,Nepal,troubledinterviewercompany.com,139100,Millennium
Alert Twilight Inc.,Liechtenstein,alerttwilightinc..com,811100,End
Lazy Boulevard Company,Honduras,lazyboulevardcompany.com,469600,Amendment
Handsomely Atheist Team,Moldova,handsomelyatheistteam.com,205800,Jumper
Absorbed Pelican Company,Jamaica,absorbedpelicancompany.com,300800,Mid-Course
Low Technique Team,Dominica,lowtechniqueteam.com,527500,Proctor
Itchy Everything Inc.,Rwanda,itchyeverythinginc..com,223000,Thigh
Spectacular Waffle Cooperation,Nigeria,spectacularwafflecooperation.com,312300,Reduction
Wonderful Taxi Group,China,wonderfultaxigroup.com,900900,Hugger
Relieved Surgery Group,Palau,relievedsurgerygroup.com,362900,Feeding
Unequaled Prelude Cooperation,Germany,unequaledpreludecooperation.com,179200,Freezer
Hurt Zero Inc.,Cape Verde,hurtzeroinc..com,132200,Extreme
Selfish Intervenor Inc.,Rwanda,selfishintervenorinc..com,194700,Propaganda
Freezing Glue Inc.,Syria,freezingglueinc..com,425900,Canoe
Faded Academics Group,Guinea-Bissau,fadedacademicsgroup.com,217400,Maggot
Vacuous Adobe Cooperation,Paraguay,vacuousadobecooperation.com,763300,Vengeance
Clear Ecclesia Team,Tonga,clearecclesiateam.com,666900,Bar
Uncovered Comedy Inc.,Lesotho,uncoveredcomedyinc..com,922500,Instruction
Breezy Eyelid Company,Guinea-Bissau,breezyeyelidcompany.com,200000,Calculator
Handsome Schoolhouse Group,Qatar,handsomeschoolhousegroup.com,240100,Cinema
Curly Lunch Group,Korea North,curlylunchgroup.com,252900,Block
Naive Heavy Company,Micronesia,naiveheavycompany.com,521300,Rail
Spurious Sovereignty Inc.,East Timor,spurioussovereigntyinc..com,764600,Birdcage
Orange Discipline Imternational,Monaco,orangedisciplineimternational.com,146700,Extension
Sticky Woodland Cooperation,Ecuador,stickywoodlandcooperation.com,765200,Sonar
Upbeat Turning Group,Tajikistan,upbeatturninggroup.com,451600,Jet
Towering Postage Imternational,Congo Democratic Rep,toweringpostageimternational.com,937000,Alligator
Scary Scheduling Team,Cambodia,scaryschedulingteam.com,366800,Watch
Truculent Replica Imternational,Norway,truculentreplicaimternational.com,407700,Minor-League
Late Train Group,Paraguay,latetraingroup.com,934700,Frock
Evanescent Album Inc.,Niger,evanescentalbuminc..com,175100,Dolphin
Steady Ash Company,Madagascar,steadyashcompany.com,963400,Housewife
Boundless Igloo Cooperation,Marshall Islands,boundlessigloocooperation.com,206400,Vogue
Unable Artist Company,Luxembourg,unableartistcompany.com,256500,Testimony
Aquatic Kinase Cooperation,Netherlands,aquatickinasecooperation.com,639200,Farmer
Vulgar Master Group,Yemen,vulgarmastergroup.com,414400,Run
Innate Landform Imternational,Guyana,innatelandformimternational.com,856000,Normalization
Freezing Cruise Team,Vanuatu,freezingcruiseteam.com,985200,Plagiarism
Hissing Dilution Group,East Timor,hissingdilutiongroup.com,803800,Curd
Obedient Dusk Imternational,Australia,obedientduskimternational.com,402400,Cardigan
Maniacal Scripture Group,Ireland Republic,maniacalscripturegroup.com,731700,Petal
Tame Amount Team,Tunisia,tameamountteam.com,405600,Milepost
Dangerous Guarantee Group,Korea North,dangerousguaranteegroup.com,208200,Attorney
Ultra Policeman Imternational,Tonga,ultrapolicemanimternational.com,771600,Pop
Ambitious Ascend Team,India,ambitiousascendteam.com,100900,Heat
Tight Button Group,Peru,tightbuttongroup.com,920100,Equation
Tightfisted Gran Cooperation,Samoa,tightfistedgrancooperation.com,859100,Hearth
Ill Crop Imternational,Pakistan,illcropimternational.com,403800,Bathrobe
Flowery Contour Inc.,Bahrain,flowerycontourinc..com,100300,Saloon
Humorous Bride Team,Brazil,humorousbrideteam.com,851500,Porch
Hellish Highlight Company,San Marino,hellishhighlightcompany.com,418300,Post
Woebegone Ox Inc.,Sao Tome & Principe,woebegoneoxinc..com,395400,Fame
Ugliest Hake Company,Benin,ugliesthakecompany.com,182500,Girdle
High-Pitched Spreadsheet Team,Dominican Republic,high-pitchedspreadsheetteam.com,95800,Arena
Damaging Macro Group,Sudan,damagingmacrogroup.com,516400,Integration
Dull Secretariat Team,Tajikistan,dullsecretariatteam.com,102500,Authority
Obnoxious Storm Imternational,Armenia,obnoxiousstormimternational.com,118400,Humor
Receptive Afoul Team,Samoa,receptiveafoulteam.com,923000,Rainbow
Oval Bite Team,Somalia,ovalbiteteam.com,346300,Million
Greasy Concert Group,Angola,greasyconcertgroup.com,287800,Mirror
Little Poncho Team,Bahamas,littleponchoteam.com,449800,Terrace
Vague Bronco Imternational,Ireland Republic,vaguebroncoimternational.com,310400,Suspect
Hissing Pilaf Cooperation,Uzbekistan,hissingpilafcooperation.com,319900,Payee
Murky Licence Cooperation,Tanzania,murkylicencecooperation.com,713600,Potty
Embarrassed Traveler Inc.,Hungary,embarrassedtravelerinc..com,417600,Sermon
Spiffy Resume Inc.,Fiji,spiffyresumeinc..com,910200,Comma
Clammy Purple Inc.,India,clammypurpleinc..com,837000,Knife-Edge
Possessive Drapes Company,Japan,possessivedrapescompany.com,508300,Manner
Unsuitable Choker Group,Nigeria,unsuitablechokergroup.com,690200,Bassoon
Telling Remains Team,Malaysia,tellingremainsteam.com,780500,Interpreter
Burly Temp Cooperation,Congo,burlytempcooperation.com,530600,Mozzarella
Efficient Grip Team,Bosnia Herzegovina,efficientgripteam.com,496500,Pruner
Talented Hassock Inc.,Iraq,talentedhassockinc..com,973200,Lipstick
Abstracted Mailman Cooperation,Togo,abstractedmailmancooperation.com,515800,Advocate
Addicted Mainland Group,Fiji,addictedmainlandgroup.com,871700,Bijou
Boiling Goodbye Inc.,China,boilinggoodbyeinc..com,568900,Lime
Warm Codon Team,Sierra Leone,warmcodonteam.com,162600,Collector
Confused Technician Team,France,confusedtechnicianteam.com,695200,Model
Miscreant Dilapidation Cooperation,Indonesia,miscreantdilapidationcooperation.com,824300,Supper
Coherent Mill Inc.,Tajikistan,coherentmillinc..com,188900,Mantel
Swift Civilisation Cooperation,Tunisia,swiftcivilisationcooperation.com,576700,Methodology
Sore Gauge Cooperation,Egypt,soregaugecooperation.com,98800,Factory
Zany Shoemaker Cooperation,Jordan,zanyshoemakercooperation.com,536500,Cayenne
Wanting Endoderm Inc.,Mongolia,wantingendoderminc..com,497200,Register
Thankful Sermon Imternational,United Kingdom,thankfulsermonimternational.com,645700,Waterfront
Handsomely Jodhpurs Group,Benin,handsomelyjodhpursgroup.com,559700,Lyre
Fierce Airship Group,Saint Vincent & the Grenadines,fierceairshipgroup.com,225200,Neon
Crooked Homonym Group,Bosnia Herzegovina,crookedhomonymgroup.com,584900,Shearling
Swanky Culture Team,Tonga,swankycultureteam.com,189400,Forte
Tawdry Gymnast Imternational,Yemen,tawdrygymnastimternational.com,415400,Lawn
Weak Registry Imternational,Togo,weakregistryimternational.com,365800,Start
Rapid Caramel Imternational,Suriname,rapidcaramelimternational.com,433800,Bouquet
Fantastic Plain Inc.,Malta,fantasticplaininc..com,179700,Gingerbread
Elfin Burn Inc.,Kosovo,elfinburninc..com,23100,Burst
Selfish Sucker Inc.,Morocco,selfishsuckerinc..com,82400,Alarm
Bumpy License Team,Iceland,bumpylicenseteam.com,783500,Line
Earsplitting Noodles Company,Malta,earsplittingnoodlescompany.com,133800,Kilt
Languid Rainstorm Company,Central African Rep,languidrainstormcompany.com,908100,Encounter
Tasty Postfix Imternational,Australia,tastypostfiximternational.com,422500,Lyre
Fortunate Rat Company,Libya,fortunateratcompany.com,414000,Risk
Apathetic Duration Inc.,Venezuela,apatheticdurationinc..com,204000,Echidna
Scrawny Courage Inc.,Congo Democratic Rep,scrawnycourageinc..com,795900,Electrocardiogram
Sweet Lender Group,Central African Rep,sweetlendergroup.com,209700,Idiot
Parched Lightning Company,Namibia,parchedlightningcompany.com,963200,Muffin
Puzzled Pyramid Group,Norway,puzzledpyramidgroup.com,998900,Creditor
Slimy Goggles Inc.,Denmark,slimygogglesinc..com,948300,Babe
Needy Salon Inc.,Saint Vincent & the Grenadines,needysaloninc..com,491100,Freon
Jaded Fish Imternational,New Zealand,jadedfishimternational.com,815600,Condor
Outstanding Piracy Inc.,Tunisia,outstandingpiracyinc..com,860400,Scissors
Optimal Pond Team,Turkmenistan,optimalpondteam.com,104500,Song
Lavish Downfall Group,Fiji,lavishdownfallgroup.com,11800,Omelet
Unsightly Water Group,Nauru,unsightlywatergroup.com,448200,Font
Soggy Dentist Company,Indonesia,soggydentistcompany.com,345300,Pressroom
Encouraging Campaigning Team,Trinidad & Tobago,encouragingcampaigningteam.com,875700,Binoculars
Debonair Enactment Inc.,Switzerland,debonairenactmentinc..com,92100,Facelift
Jealous Ounce Imternational,Barbados,jealousounceimternational.com,905700,Philosophy
Knotty Divan Company,Burkina,knottydivancompany.com,106500,Beck
Skillful Beanstalk Imternational,Greece,skillfulbeanstalkimternational.com,190700,Ton
Rainy Cheese Cooperation,Ethiopia,rainycheesecooperation.com,376500,Pathogenesis
Harmonious Dumbwaiter Group,Brazil,harmoniousdumbwaitergroup.com,990900,Rooster
Square Liner Team,Ukraine,squarelinerteam.com,932900,Woodchuck
Difficult Carrot Team,Iraq,difficultcarrotteam.com,771100,Marionberry
Rampant Leash Company,Armenia,rampantleashcompany.com,327600,Eyeliner
Shallow Collapse Cooperation,Cameroon,shallowcollapsecooperation.com,624200,Thickness
Wacky Turban Company,Swaziland,wackyturbancompany.com,789300,Fourths
Puny Dame Inc.,El Salvador,punydameinc..com,107000,Red
Hot Adrenaline Team,Rwanda,hotadrenalineteam.com,153900,Pith
Taboo Algorithm Team,Thailand,tabooalgorithmteam.com,329000,Figure
Mushy Clergyman Group,Sierra Leone,mushyclergymangroup.com,7600,Chaplain
Longing Estimate Company,Uzbekistan,longingestimatecompany.com,674500,Hair
Woebegone Comics Company,Sudan,woebegonecomicscompany.com,705400,Elephant
Bored Prostrate Imternational,Uganda,boredprostrateimternational.com,377500,Academy
Evasive Audience Company,Namibia,evasiveaudiencecompany.com,904700,Depressive
Tasteless Honesty Team,Bhutan,tastelesshonestyteam.com,279400,Hypothermia
Hot Probe Imternational,Mali,hotprobeimternational.com,417600,Patron
Stormy Lout Imternational,Barbados,stormyloutimternational.com,192900,Metro
Sour Ramie Group,Egypt,sourramiegroup.com,80400,Back-Up
Resonant Carbon Cooperation,Malawi,resonantcarboncooperation.com,601700,Representation
High Peripheral Team,Haiti,highperipheralteam.com,720300,Broadcast
Pleasant Belligerency Team,Monaco,pleasantbelligerencyteam.com,50800,Embarrassment
Relieved Anarchy Imternational,Bolivia,relievedanarchyimternational.com,58900,Swordfight
Obnoxious Coordinator Company,Zimbabwe,obnoxiouscoordinatorcompany.com,766200,Heavy
Small Circulation Team,Taiwan,smallcirculationteam.com,902300,Mob
Silky Zebrafish Inc.,Yemen,silkyzebrafishinc..com,97900,Rhythm
Selective Downtown Cooperation,Barbados,selectivedowntowncooperation.com,187400,Shipping
Equable Sister-In-Law Inc.,Vietnam,equablesister-in-lawinc..com,717200,Savior
Steadfast Cascade Company,Montenegro,steadfastcascadecompany.com,366900,Van
Snotty Stealth Group,Kenya,snottystealthgroup.com,645800,Remains
Mighty Reboot Company,Rwanda,mightyrebootcompany.com,882800,Horst
Accidental Conduct Imternational,Sri Lanka,accidentalconductimternational.com,258600,Daffodil
Agreeable Rhinoceros Company,Nigeria,agreeablerhinoceroscompany.com,434400,Compliance
Protective Pollutant Team,Singapore,protectivepollutantteam.com,251100,Polo
Handsomely Possibility Inc.,Togo,handsomelypossibilityinc..com,697400,Kennel
Aspiring Eyeliner Team,Venezuela,aspiringeyelinerteam.com,345000,Aquifer
Woebegone Preparation Inc.,Argentina,woebegonepreparationinc..com,385400,Extension
Hungry Guitarist Inc.,Jamaica,hungryguitaristinc..com,204200,Hubcap
Shocking Traffic Group,Indonesia,shockingtrafficgroup.com,495200,Sparrow
Rare Dash Company,Cape Verde,raredashcompany.com,27700,Seaplane
Rustic Yard Inc.,Rwanda,rusticyardinc..com,835700,Brake
Zonked Elimination Team,Equatorial Guinea,zonkedeliminationteam.com,172600,Health
Melted Ego Inc.,Seychelles,meltedegoinc..com,260700,Efficacy
Spicy Appetiser Cooperation,Andorra,spicyappetisercooperation.com,227100,Hepatitis
Fluttering Beauty Imternational,Slovenia,flutteringbeautyimternational.com,325000,Instruction
Economic Visor Company,Dominican Republic,economicvisorcompany.com,79900,Starboard
Fanatical Prophet Company,Qatar,fanaticalprophetcompany.com,129700,Investigation
Gaudy Turnover Group,Palau,gaudyturnovergroup.com,280600,Fight
Brash Absence Group,Finland,brashabsencegroup.com,202400,Squirrel
Jaded Inventory Inc.,Rwanda,jadedinventoryinc..com,622500,Comestible
Noiseless Processor Team,Chile,noiselessprocessorteam.com,912400,Occurrence
Ad Hoc Moonscape Inc.,Singapore,adhocmoonscapeinc..com,771000,Pavilion
Possessive Arithmetic Company,Kiribati,possessivearithmeticcompany.com,231100,Burrow
Swift Maniac Imternational,Cameroon,swiftmaniacimternational.com,495100,Terrorist
Glossy Spiderling Team,Mauritania,glossyspiderlingteam.com,60700,Cantaloupe
Elegant Polarisation Inc.,Czech Republic,elegantpolarisationinc..com,946800,Blast
Fat Avocado Company,Bangladesh,fatavocadocompany.com,713200,Buckle
Accurate Swanling Group,Thailand,accurateswanlinggroup.com,769200,Gather
Ambitious Leisure Company,Algeria,ambitiousleisurecompany.com,757100,Harpooner
Expensive Humor Imternational,Tanzania,expensivehumorimternational.com,322000,Maximum
Upset Lawsuit Group,Gambia,upsetlawsuitgroup.com,118500,Cohesion
Offbeat Coyote Imternational,Vanuatu,offbeatcoyoteimternational.com,546800,Herring
Efficacious Samurai Inc.,Kazakhstan,efficacioussamuraiinc..com,984700,Dining
Bloody Pepper Team,Belarus,bloodypepperteam.com,356800,Waveform
Confused Detail Team,Guatemala,confuseddetailteam.com,639100,Field
Known Manner Group,United Arab Emirates,knownmannergroup.com,458000,Zombie
Gamy Delay Team,Guyana,gamydelayteam.com,772000,Savory
Feigned Bookend Inc.,Lebanon,feignedbookendinc..com,187100,Ratio
Ugliest Hosiery Inc.,Croatia,ugliesthosieryinc..com,791200,Staff
Confused Respect Imternational,Swaziland,confusedrespectimternational.com,464700,Assault
Successful Employ Team,Luxembourg,successfulemployteam.com,714500,Perp
Nice Inglenook Imternational,Liberia,niceinglenookimternational.com,153800,Example
Brash Chassis Company,Hungary,brashchassiscompany.com,69200,Kill
Fuzzy Show Group,Turkey,fuzzyshowgroup.com,480200,Philosopher
Possessive Freezing Company,Angola,possessivefreezingcompany.com,202800,Fencing
Fanatical Compromise Company,Bhutan,fanaticalcompromisecompany.com,202000,Octavo
Acceptable Sweatsuit Inc.,Fiji,acceptablesweatsuitinc..com,878100,Cephalopod
Trashy Hat Team,Bahamas,trashyhatteam.com,353200,Realm
Curved Number Inc.,Uganda,curvednumberinc..com,870000,Commodity
Late Shear Cooperation,Solomon Islands,lateshearcooperation.com,238900,Bass
Utter Tribe Group,Belize,uttertribegroup.com,756800,Harpooner
Awful E-Reader Company,Georgia,awfule-readercompany.com,882300,Heating
Gamy Midline Inc.,Angola,gamymidlineinc..com,323100,Struggle
Curved Snarl Cooperation,Bosnia Herzegovina,curvedsnarlcooperation.com,219300,Beak
Judicious Mallet Inc.,Antigua & Deps,judiciousmalletinc..com,310600,Endpoint
Roasted Margin Company,Taiwan,roastedmargincompany.com,550000,Aggradation
Cloistered Genie Inc.,Australia,cloisteredgenieinc..com,629900,Chocolate
Glossy Axis Group,Botswana,glossyaxisgroup.com,711500,Birch
Voiceless Pagoda Group,Equatorial Guinea,voicelesspagodagroup.com,584700,Foray
New Conservation Company,China,newconservationcompany.com,960600,Epoch
Husky Wrecker Group,Kiribati,huskywreckergroup.com,366700,Riding
Didactic Solicitation Group,Ecuador,didacticsolicitationgroup.com,626000,Cheetah
Invincible Fibroblast Group,Belize,invinciblefibroblastgroup.com,924400,Brown
Drab Workout Group,Argentina,drabworkoutgroup.com,929300,Supply
Changeable Keep Company,Kenya,changeablekeepcompany.com,740800,Handgun
Swanky Strap Team,East Timor,swankystrapteam.com,570200,Shortwave
Nauseating Accordance Group,Bosnia Herzegovina,nauseatingaccordancegroup.com,847100,Flesh
Shallow Rutabaga Group,Paraguay,shallowrutabagagroup.com,156200,Midden
Lying Runaway Company,Barbados,lyingrunawaycompany.com,356600,Floor
Heavenly Search Company,Ukraine,heavenlysearchcompany.com,470800,Panda
Embarrassed Consent Team,Botswana,embarrassedconsentteam.com,268600,Bifocals
Synonymous Daughter Inc.,Syria,synonymousdaughterinc..com,263200,Antling
Understood Dictionary Imternational,Lebanon,understooddictionaryimternational.com,386700,Puddle
Excellent Frontier Company,Kosovo,excellentfrontiercompany.com,954700,Scheduling
Hapless Fedora Company,East Timor,haplessfedoracompany.com,383200,Surface
Torpid Influx Company,Bolivia,torpidinfluxcompany.com,505700,Hearth
Adorable Church Cooperation,Vanuatu,adorablechurchcooperation.com,434600,Partner
Petite Physiology Inc.,South Sudan,petitephysiologyinc..com,78000,Pinto
Defiant Hashtag Cooperation,Philippines,defianthashtagcooperation.com,112500,Doubter
Direful Glove Team,Cambodia,direfulgloveteam.com,831100,Ferry
Macho Dressing Inc.,Philippines,machodressinginc..com,286600,Maintainer
Abrasive Cemetery Cooperation,Costa Rica,abrasivecemeterycooperation.com,579100,Pole
Ruddy Memorial Inc.,Cape Verde,ruddymemorialinc..com,959100,Wetsuit
Didactic Concentrate Imternational,Andorra,didacticconcentrateimternational.com,958200,Eaves
Abrupt Crackers Cooperation,Belarus,abruptcrackerscooperation.com,944100,Basics
Rare Guide Group,Barbados,rareguidegroup.com,695600,Rye
Painful Spruce Company,Vatican City,painfulsprucecompany.com,512200,Easel
Heavy Condominium Cooperation,Papua New Guinea,heavycondominiumcooperation.com,715400,Guacamole
Scandalous Living Company,Singapore,scandalouslivingcompany.com,390300,Swine
Slimy Hovel Cooperation,United States,slimyhovelcooperation.com,300100,Wish
Shallow Wok Group,Equatorial Guinea,shallowwokgroup.com,874100,Employment
Plausible Inside Company,Somalia,plausibleinsidecompany.com,850300,Read
Forgetful Fawn Group,Peru,forgetfulfawngroup.com,181200,Goldfish
Shaky Missionary Team,Latvia,shakymissionaryteam.com,412500,Cast
Elderly Consistency Team,San Marino,elderlyconsistencyteam.com,969200,Strike
Uninterested Mandolin Group,Kuwait,uninterestedmandolingroup.com,175200,Tonic
Daily Rating Inc.,Jamaica,dailyratinginc..com,593900,Synthesis
Acrid Hen Team,Namibia,acridhenteam.com,239500,Finance
Overwrought Alluvium Team,Botswana,overwroughtalluviumteam.com,128500,Terrapin
Doubtful Search Imternational,Poland,doubtfulsearchimternational.com,714700,Erection
Melted Normalization Inc.,St Lucia,meltednormalizationinc..com,6700,Lollipop
Tacky Talent Cooperation,Venezuela,tackytalentcooperation.com,341100,Analgesia
Bitter Salad Inc.,Azerbaijan,bittersaladinc..com,208000,Call
Thoughtful Birch Cooperation,China,thoughtfulbirchcooperation.com,897500,Suck
Nondescript Rabbit Group,Ireland Republic,nondescriptrabbitgroup.com,826200,Overcharge
Quiet Wheel Team,Malawi,quietwheelteam.com,365400,Grandparent
Accessible Laryngitis Team,Slovakia,accessiblelaryngitisteam.com,228300,Invitation
Used Ceramic Company,Suriname,usedceramiccompany.com,896700,Promenade
Warm Spread Cooperation,Slovakia,warmspreadcooperation.com,383600,Engineering
Abortive Professor Team,South Sudan,abortiveprofessorteam.com,176300,Parallelogram
Crabby Brink Imternational,Swaziland,crabbybrinkimternational.com,152100,Operating
Few Drug Company,Turkmenistan,fewdrugcompany.com,216900,Necessity
Voiceless Badger Group,Belarus,voicelessbadgergroup.com,856300,Document
Ratty Thermals Imternational,Egypt,rattythermalsimternational.com,380800,Colleague
Fabulous Shop Inc.,Maldives,fabulousshopinc..com,589400,Chromolithograph
Telling Pneumonia Cooperation,Egypt,tellingpneumoniacooperation.com,201600,Great-Grandfather
Sloppy Weird Inc.,Mexico,sloppyweirdinc..com,371500,Goodwill
Selfish Referendum Company,Rwanda,selfishreferendumcompany.com,6700,Pinkie
Alcoholic Spike Company,Panama,alcoholicspikecompany.com,910900,Reverse
Magenta Cation Imternational,Mauritius,magentacationimternational.com,119400,Satisfaction
Hushed File Company,Sierra Leone,hushedfilecompany.com,261300,Extension
Wakeful Eternity Group,Dominica,wakefuleternitygroup.com,152800,Prescription
Adventurous Characteristic Company,Honduras,adventurouscharacteristiccompany.com,725000,Liquor
Innate Sprinter Imternational,Poland,innatesprinterimternational.com,602900,Catch
Neighborly Samovar Group,Djibouti,neighborlysamovargroup.com,752500,Oven
Enchanting Calorie Inc.,Dominica,enchantingcalorieinc..com,311000,Seal
Hard Subsidy Group,Canada,hardsubsidygroup.com,68800,Geology
Stereotyped Ton Group,Slovenia,stereotypedtongroup.com,537200,Filing
Uneven Subcomponent Company,Marshall Islands,unevensubcomponentcompany.com,764600,Supplement
Wary Reason Company,Armenia,waryreasoncompany.com,660400,Styling
Demonic Pledge Team,Philippines,demonicpledgeteam.com,726800,Designation
Spotless Pad Group,Lithuania,spotlesspadgroup.com,274200,Voice
Overwrought Auto Team,Bosnia Herzegovina,overwroughtautoteam.com,663500,Tenement
Awful Timeline Cooperation,Tonga,awfultimelinecooperation.com,237400,Hacienda
Chubby Software Imternational,Nicaragua,chubbysoftwareimternational.com,356100,Head
Warlike Dawn Imternational,Comoros,warlikedawnimternational.com,690500,Shout
Ethereal Tenor Inc.,Thailand,etherealtenorinc..com,697000,Elicit
Purple River Imternational,Croatia,purpleriverimternational.com,951300,Jumper
Smelly Rotation Company,Cameroon,smellyrotationcompany.com,982400,Clover
Funny Leadership Inc.,Chad,funnyleadershipinc..com,332400,Hutch
Childlike Gopher Cooperation,Germany,childlikegophercooperation.com,242600,Aim
Watchful Entirety Group,Malta,watchfulentiretygroup.com,2200,Variable
Credible Shortwave Imternational,Belize,credibleshortwaveimternational.com,631900,Cliff
Difficult Elephant Group,Luxembourg,difficultelephantgroup.com,402900,Clockwork
Anxious Snowflake Company,Iceland,anxioussnowflakecompany.com,725300,Everything
Huge Cloves Inc.,Georgia,hugeclovesinc..com,783900,Presume
Heady Meaning Team,Greece,headymeaningteam.com,853600,Colleague
Auspicious Retouching Group,Gambia,auspiciousretouchinggroup.com,504100,Enquiry
Legal Squash Company,United Arab Emirates,legalsquashcompany.com,451300,Reasoning
Lewd Stump Group,Congo,lewdstumpgroup.com,940000,Entertainment
Equable Buggy Company,Mauritius,equablebuggycompany.com,291800,Symbol
Nosy Taro Inc.,Ethiopia,nosytaroinc..com,178100,Somersault
Raspy Signet Group,Kazakhstan,raspysignetgroup.com,52800,Parrot
Victorious Castle Cooperation,Romania,victoriouscastlecooperation.com,760200,Halibut
Shrill Humidity Imternational,Zambia,shrillhumidityimternational.com,733400,Dome
Wandering Prairie Company,Liechtenstein,wanderingprairiecompany.com,656300,Wiseguy
Jobless Piece Inc.,Cuba,joblesspieceinc..com,298400,Anime
Sordid Best-Seller Inc.,Cape Verde,sordidbest-sellerinc..com,881700,Craft
Taboo Snob Inc.,Ukraine,taboosnobinc..com,834300,Bathrobe
Thoughtless Well-Being Team,Montenegro,thoughtlesswell-beingteam.com,416800,Co-Producer
Luxuriant Lightning Team,Belize,luxuriantlightningteam.com,335400,Traditionalism
Synonymous Nymph Company,Congo Democratic Rep,synonymousnymphcompany.com,596500,Breakfast
Fast Forum Imternational,Sierra Leone,fastforumimternational.com,791800,Compliance
Used Walrus Company,Bahrain,usedwalruscompany.com,59800,Excursion
Ruthless Addition Company,Armenia,ruthlessadditioncompany.com,337900,Pimple
Disillusioned Mattress Group,Grenada,disillusionedmattressgroup.com,383700,Package
Obsolete Cappuccino Group,Burundi,obsoletecappuccinogroup.com,711200,Slave
Repulsive Pounding Imternational,Bosnia Herzegovina,repulsivepoundingimternational.com,515500,Paranoia
Glamorous Vestment Cooperation,Senegal,glamorousvestmentcooperation.com,805100,Dimension
Concerned Garbage Inc.,Japan,concernedgarbageinc..com,861000,Accountant
Volatile Deduction Imternational,Croatia,volatiledeductionimternational.com,605000,Bankbook
Fresh Sphynx Group,New Zealand,freshsphynxgroup.com,899000,Concert
Unequaled Gender Inc.,Oman,unequaledgenderinc..com,896000,Fennel
Gorgeous Verification Team,Germany,gorgeousverificationteam.com,517500,Contingency
Purple Incarnation Inc.,Grenada,purpleincarnationinc..com,688600,Regulation
Uppity Expertise Cooperation,Indonesia,uppityexpertisecooperation.com,299400,Organizing
Imported Kingdom Inc.,Tonga,importedkingdominc..com,728200,Developmental
Furtive Pneumonia Team,Malaysia,furtivepneumoniateam.com,333300,Ownership
Courageous Strife Inc.,Mali,courageousstrifeinc..com,629800,Analogy
Dramatic Spending Inc.,Malawi,dramaticspendinginc..com,42600,Flint
Merciful Wound Group,Portugal,mercifulwoundgroup.com,985800,Whey
Chunky Saucer Team,Norway,chunkysaucerteam.com,368300,Fraudster
Overconfident Bosom Team,Micronesia,overconfidentbosomteam.com,956200,Act
Lazy Hint Company,Palau,lazyhintcompany.com,996600,Creationism
Labored Apparel Imternational,Cambodia,laboredapparelimternational.com,979700,Anniversary
Sassy Tactics Company,Djibouti,sassytacticscompany.com,87100,Squatter
Godly Cucumber Cooperation,Indonesia,godlycucumbercooperation.com,914800,Crowd
Annoyed Counter Imternational,Antigua & Deps,annoyedcounterimternational.com,880900,Woolens
Heavenly Cupcake Imternational,Solomon Islands,heavenlycupcakeimternational.com,15900,Landform
Zonked Alpaca Imternational,Israel,zonkedalpacaimternational.com,851800,Swell
Curved Retina Company,El Salvador,curvedretinacompany.com,966700,Penguin
Sad Mid-Course Team,Central African Rep,sadmid-courseteam.com,481100,Rancher
Callous Casserole Cooperation,Switzerland,callouscasserolecooperation.com,145900,Share
Nutty Enquiry Group,Lithuania,nuttyenquirygroup.com,877400,Bow
Economic Army Imternational,Bangladesh,economicarmyimternational.com,614500,Waist
Faithful Player Imternational,Uzbekistan,faithfulplayerimternational.com,951300,Top-Hat
Annoying Step Team,Romania,annoyingstepteam.com,564200,Wriggler
Soft Neglect Team,Cuba,softneglectteam.com,323600,Wraparound
Chunky Prospect Company,Liberia,chunkyprospectcompany.com,141400,Counter-Force
Verdant Armor Group,Macedonia,verdantarmorgroup.com,911500,Cutover
Faint Tinderbox Imternational,South Sudan,fainttinderboximternational.com,824600,Palace
Illustrious Screw Team,Belarus,illustriousscrewteam.com,251900,Tabby
Victorious Cloudburst Cooperation,China,victoriouscloudburstcooperation.com,59300,Expedition
Ambitious Barbiturate Group,Peru,ambitiousbarbiturategroup.com,146600,Jot
Bitter Trap Inc.,Jordan,bittertrapinc..com,797200,Screw-Up
Quickest Traveler Cooperation,Marshall Islands,quickesttravelercooperation.com,904000,Pinto
Murky Ranger Inc.,France,murkyrangerinc..com,966000,Congressman
Sassy Kilometer Inc.,Bahrain,sassykilometerinc..com,738100,Derrick
Utopian Coral Imternational,El Salvador,utopiancoralimternational.com,632600,Plugin
Materialistic Boycott Imternational,Bosnia Herzegovina,materialisticboycottimternational.com,760300,Baseline
Blue-Eyed Tabletop Group,Laos,blue-eyedtabletopgroup.com,343100,Seafood
Ruthless Solution Inc.,Brazil,ruthlesssolutioninc..com,994400,Backbone
Agonizing Spread Team,Canada,agonizingspreadteam.com,48700,Blanket
Scintillating Millennium Group,Bolivia,scintillatingmillenniumgroup.com,980400,Stiletto
Dry Pilgrimage Inc.,Panama,drypilgrimageinc..com,569700,Disarmament
Helpful Sideboard Cooperation,Australia,helpfulsideboardcooperation.com,919500,Edger
Rainy Rivulet Imternational,United Kingdom,rainyrivuletimternational.com,748900,Accusation
Screeching Admin Company,Ukraine,screechingadmincompany.com,298000,Porpoise
Oceanic Merchant Imternational,Mali,oceanicmerchantimternational.com,337500,East
Shy Screwdriver Cooperation,Ivory Coast,shyscrewdrivercooperation.com,695700,Bridge
Concerned Illiteracy Group,Mauritius,concernedilliteracygroup.com,83600,Particle
Wicked Stupidity Imternational,Ghana,wickedstupidityimternational.com,997200,Depressive
Dispensable Luxury Team,Belarus,dispensableluxuryteam.com,795000,Skating
Broad Originality Group,Lebanon,broadoriginalitygroup.com,681200,Indication
Gleaming Leverage Cooperation,Libya,gleamingleveragecooperation.com,749400,Briefly
Skillful Slide Cooperation,Vanuatu,skillfulslidecooperation.com,401800,Father-In-Law
Ancient Halloween Company,Singapore,ancienthalloweencompany.com,432300,Waveform
Foolish Cross-Contamination Group,Yemen,foolishcross-contaminationgroup.com,532500,Scent
Whispering Pigeon Inc.,Japan,whisperingpigeoninc..com,914900,Cash
Rough Bird Team,Kiribati,roughbirdteam.com,298500,Knee
Solid Traffic Team,Thailand,solidtrafficteam.com,179200,Checkbook
Macho Square Imternational,Guyana,machosquareimternational.com,140200,Vitro
Quiet Hunchback Group,Israel,quiethunchbackgroup.com,56900,Pyramid
Torpid Thunderbolt Inc.,United Arab Emirates,torpidthunderboltinc..com,332500,Comprehension
Brawny Ceramics Group,Egypt,brawnyceramicsgroup.com,217500,Barometer
Clean Parking Cooperation,Benin,cleanparkingcooperation.com,649200,Anesthesiologist
Zippy Thong Team,Turkey,zippythongteam.com,137500,Toad
Makeshift Chainstay Inc.,United Arab Emirates,makeshiftchainstayinc..com,981800,Glen
Optimal Knowledge Group,Spain,optimalknowledgegroup.com,202000,Guerrilla
Strong Footrest Company,Korea South,strongfootrestcompany.com,295500,Resolution
Detailed Date Cooperation,Austria,detaileddatecooperation.com,966400,Snack
Mute Incense Team,Costa Rica,muteincenseteam.com,39600,Riser
Steep Settler Inc.,Rwanda,steepsettlerinc..com,813400,Portion
Hallowed Snarl Team,Pakistan,hallowedsnarlteam.com,70000,Shoulder
Fierce Carter Team,St Kitts & Nevis,fiercecarterteam.com,289500,Anklet
Brainy Turtle Imternational,Costa Rica,brainyturtleimternational.com,509500,Exhibition
Uncovered Plow Team,Saint Vincent & the Grenadines,uncoveredplowteam.com,629700,Runway
Versed Orchestra Inc.,Kosovo,versedorchestrainc..com,330200,Reply
Helpful Flesh Team,Antigua & Deps,helpfulfleshteam.com,511000,Association
Reminiscent Basis Cooperation,Malawi,reminiscentbasiscooperation.com,832300,Arithmetic
Glorious Appliance Company,Lesotho,gloriousappliancecompany.com,485900,Sycamore
Giant Negligee Imternational,Australia,giantnegligeeimternational.com,28100,Babe
Husky Godmother Group,France,huskygodmothergroup.com,528600,Chutney
Efficacious Cork Group,Lithuania,efficaciouscorkgroup.com,31000,Back-Up
Meek Warmth Company,Ukraine,meekwarmthcompany.com,635400,Judo
Abounding Lunge Group,South Sudan,aboundinglungegroup.com,350500,Sack
Marked Portrait Imternational,Israel,markedportraitimternational.com,497800,Absence
Futuristic Masterpiece Group,Maldives,futuristicmasterpiecegroup.com,359300,Legislation
Malicious Sociology Cooperation,Mongolia,malicioussociologycooperation.com,425800,Embassy
Ubiquitous Pilgrim Company,Mozambique,ubiquitouspilgrimcompany.com,395700,Chatter
Pathetic Console Inc.,Liberia,patheticconsoleinc..com,644300,Apricot
Outstanding Lesbian Team,Seychelles,outstandinglesbianteam.com,178700,Concert
Tangy Stump Cooperation,Nepal,tangystumpcooperation.com,604200,Down
Rebellious Burden Imternational,Turkey,rebelliousburdenimternational.com,385800,Fridge
Spiffy Grid Imternational,Ecuador,spiffygridimternational.com,841700,Secrecy
Flipped-Out Redhead Team,Syria,flipped-outredheadteam.com,746500,Population
Encouraging Cultivar Inc.,United Arab Emirates,encouragingcultivarinc..com,759900,Buying
Swanky East Inc.,Central African Rep,swankyeastinc..com,773300,Survival
Mere Bassinet Team,Bulgaria,merebassinetteam.com,693300,Step-Daughter
Pretty Office Company,Brunei,prettyofficecompany.com,462300,Feather
Obeisant Ecology Company,Indonesia,obeisantecologycompany.com,943100,Grenade
Jumpy Inspection Group,Andorra,jumpyinspectiongroup.com,910200,Ballpark
Absorbing Wagon Imternational,Tunisia,absorbingwagonimternational.com,507100,Giant
Deadpan Tog Inc.,Germany,deadpantoginc..com,900400,Appeal
Zonked Beach Company,Palau,zonkedbeachcompany.com,881200,Threat
Foregoing Cinema Cooperation,Sweden,foregoingcinemacooperation.com,932200,Naming
Draconian List Group,Nicaragua,draconianlistgroup.com,959500,Fennel
Angry Bull Group,Tunisia,angrybullgroup.com,925500,Division
Awful Snow Inc.,Iraq,awfulsnowinc..com,59100,Dedication
Large Wharf Imternational,Spain,largewharfimternational.com,420800,Elbow
Bored Zephyr Imternational,Chad,boredzephyrimternational.com,134000,Gland
Excited Flight Company,Netherlands,excitedflightcompany.com,889500,Drop
Mindless Noun Inc.,Sweden,mindlessnouninc..com,432300,Power
Boorish Bidder Team,Panama,boorishbidderteam.com,60900,Furniture
Incompetent Cascade Inc.,Paraguay,incompetentcascadeinc..com,432600,Tolerant
Skillful Someone Team,Mauritius,skillfulsomeoneteam.com,26500,Tour
Thoughtless Condominium Company,Hungary,thoughtlesscondominiumcompany.com,484700,Sprag
Piquant Liquid Group,Mongolia,piquantliquidgroup.com,504200,Keep
Volatile Backburn Inc.,Togo,volatilebackburninc..com,995700,Carboxyl
Brawny Kilogram Inc.,Philippines,brawnykilograminc..com,496000,Amount
Obscene Addiction Team,Monaco,obsceneaddictionteam.com,205100,Hamburger
Sour Citron Cooperation,Georgia,sourcitroncooperation.com,48100,Pressure
Selective Sprag Team,Taiwan,selectivespragteam.com,921500,Kangaroo
Tested Gap Company,Austria,testedgapcompany.com,397300,Mallard
Tough Distribution Inc.,Portugal,toughdistributioninc..com,511800,Disclosure
Exotic Granddaughter Team,Bosnia Herzegovina,exoticgranddaughterteam.com,872300,Skating
Measly Browsing Cooperation,Vietnam,measlybrowsingcooperation.com,883200,Bra
Loutish Softball Company,Italy,loutishsoftballcompany.com,475000,Grease
Murky Cover Cooperation,Lesotho,murkycovercooperation.com,143500,Niche
Old-Fashioned Cathedral Company,Japan,old-fashionedcathedralcompany.com,907000,Pianist
Rabid Payment Company,Poland,rabidpaymentcompany.com,554700,Processor
Known Otter Team,Vatican City,knownotterteam.com,631400,Pickup
Daily Brand Group,Taiwan,dailybrandgroup.com,175200,Screw-Up
Axiomatic Feedback Inc.,Cape Verde,axiomaticfeedbackinc..com,601600,Homeland
Aspiring Upgrade Team,Australia,aspiringupgradeteam.com,506600,Walk
Wooden Hostess Imternational,Finland,woodenhostessimternational.com,29600,Sovereignty
Faint Vogue Cooperation,Switzerland,faintvoguecooperation.com,247200,Broiler
Naughty Pilgrim Company,India,naughtypilgrimcompany.com,184800,Mode
Possessive Eyeliner Imternational,Azerbaijan,possessiveeyelinerimternational.com,464800,Glance
Accessible Doctrine Team,Swaziland,accessibledoctrineteam.com,602900,Browser
Fluffy Abundance Cooperation,East Timor,fluffyabundancecooperation.com,417000,Cymbal
Ultra Antelope Inc.,Spain,ultraantelopeinc..com,383200,Doctrine
Rainy Hake Inc.,Azerbaijan,rainyhakeinc..com,22200,Transformation
Available Glow Imternational,Laos,availableglowimternational.com,218000,Payee
Colorful Dolor Company,El Salvador,colorfuldolorcompany.com,7900,Vice
Minor Invoice Cooperation,Vatican City,minorinvoicecooperation.com,73700,Zebra
Solid Bunch Team,Sao Tome & Principe,solidbunchteam.com,913900,Dead
Placid Raise Cooperation,South Africa,placidraisecooperation.com,14800,Mincemeat
Resolute Screamer Company,Yemen,resolutescreamercompany.com,679400,Conversion
Hysterical Wake Imternational,Haiti,hystericalwakeimternational.com,424700,Emphasis
Misty Gift Team,South Africa,mistygiftteam.com,333100,Cornmeal
Fragile Distance Team,Slovenia,fragiledistanceteam.com,499900,Female
Classy Nutrient Inc.,Taiwan,classynutrientinc..com,110700,Classic
Lavish Odometer Group,Cameroon,lavishodometergroup.com,500900,Neighbourhood
Steady Copyright Imternational,Congo,steadycopyrightimternational.com,188600,Citron
Hilarious Sprag Inc.,Zambia,hilariousspraginc..com,555200,Deal
Hard Fun Team,New Zealand,hardfunteam.com,729900,Clothes
Periodic Mozzarella Company,New Zealand,periodicmozzarellacompany.com,698700,Grandson
Enchanting Subcontractor Company,Palau,enchantingsubcontractorcompany.com,715800,Drawer
Needless Sea Company,Central African Rep,needlessseacompany.com,558000,Diffuse
Puffy Destination Imternational,Guinea-Bissau,puffydestinationimternational.com,823200,Lard
Hallowed League Cooperation,Fiji,hallowedleaguecooperation.com,798600,Underwear
Handsome Anticodon Team,Luxembourg,handsomeanticodonteam.com,870200,In-Laws
Glib Counter-Force Company,Malta,glibcounter-forcecompany.com,392100,Moon
Torpid Thigh Imternational,Mali,torpidthighimternational.com,367500,Floodplain
Defeated Sneakers Team,Antigua & Deps,defeatedsneakersteam.com,178700,Alibi
Temporary Tower Team,Belize,temporarytowerteam.com,155200,Bugle
Whispering Conversation Team,Yemen,whisperingconversationteam.com,660400,Desktop
Arrogant Diner Team,Belgium,arrogantdinerteam.com,493100,Trousers
Painful Widow Cooperation,Ecuador,painfulwidowcooperation.com,26200,Brunch
Shrill Wheel Inc.,Belarus,shrillwheelinc..com,726500,Castle
Poor Trapezium Group,South Sudan,poortrapeziumgroup.com,765700,Bosom
Wrong Shell Company,Kazakhstan,wrongshellcompany.com,757700,Cherry
Flagrant Inch Company,Germany,flagrantinchcompany.com,881800,Skullcap
Synonymous Presentation Group,Mongolia,synonymouspresentationgroup.com,238800,Codling
Utopian Register Imternational,Venezuela,utopianregisterimternational.com,911300,Solicitor
Incompetent Entree Inc.,Korea North,incompetententreeinc..com,333700,Awe
Squealing Garter Team,Lebanon,squealinggarterteam.com,769400,Inside
Waggish Depression Team,Venezuela,waggishdepressionteam.com,868600,Combat
Hesitant Domination Team,Lesotho,hesitantdominationteam.com,496000,Spandex
Squeamish North Group,Armenia,squeamishnorthgroup.com,343900,Shingle
Tested Boycott Cooperation,Madagascar,testedboycottcooperation.com,774300,Miracle
Wide-Eyed Cube Team,Malawi,wide-eyedcubeteam.com,852000,Initialise
Disturbed Commandment Inc.,Guyana,disturbedcommandmentinc..com,334100,Push
Adventurous Poor Group,Venezuela,adventurouspoorgroup.com,505700,School
Amused Washcloth Team,Morocco,amusedwashclothteam.com,18700,Parable
Jaded Congressperson Cooperation,Switzerland,jadedcongresspersoncooperation.com,940200,Moccasins
Gaudy Edible Company,Eritrea,gaudyediblecompany.com,177600,Vest
Exuberant Otter Imternational,Peru,exuberantotterimternational.com,124700,Pilgrim
Clammy Id Inc.,Uganda,clammyidinc..com,502000,Misunderstand
High Chop Company,Saint Vincent & the Grenadines,highchopcompany.com,626500,Mink
Spicy Clavicle Cooperation,Malawi,spicyclaviclecooperation.com,381900,Uplift
Alive Integrity Imternational,Kosovo,aliveintegrityimternational.com,808400,Fillet
Repulsive Lookout Inc.,Yemen,repulsivelookoutinc..com,913700,March
Abiding Spectrum Inc.,Sweden,abidingspectruminc..com,645100,Bark
Hulking Hoe Inc.,Israel,hulkinghoeinc..com,136400,Warfare
Holistic Cacao Inc.,Turkmenistan,holisticcacaoinc..com,337700,Burglar
Slimy Hound Cooperation,Tonga,slimyhoundcooperation.com,548400,Bout
Lying Sub Company,Dominica,lyingsubcompany.com,469000,Flight
Therapeutic Utility Imternational,St Lucia,therapeuticutilityimternational.com,104600,Stew
Tall Grass Team,Indonesia,tallgrassteam.com,695000,Burial
Rhetorical Gravity Imternational,Cuba,rhetoricalgravityimternational.com,999100,Doc
Malicious Citrus Team,Zambia,maliciouscitrusteam.com,505300,Utensil
Demonic Week Inc.,Kuwait,demonicweekinc..com,830000,Completion
Rustic Discovery Group,Uruguay,rusticdiscoverygroup.com,967600,Pilaf
Grandiose Fort Group,Ireland Republic,grandiosefortgroup.com,377100,Van
Fat Asymmetry Imternational,South Africa,fatasymmetryimternational.com,25000,Eagle
Ambiguous Toothbrush Company,Antigua & Deps,ambiguoustoothbrushcompany.com,462300,Alibi
Labored Lanai Company,Uruguay,laboredlanaicompany.com,561400,Drug
Clammy Saloon Imternational,El Salvador,clammysaloonimternational.com,408900,Eicosanoid
Crooked Custom Team,Czech Republic,crookedcustomteam.com,967200,Middleman
Foregoing Thigh Team,Chad,foregoingthighteam.com,121300,Oleo
Faithful Judge Imternational,Costa Rica,faithfuljudgeimternational.com,963300,Nursery
Utter Recorder Cooperation,Liechtenstein,utterrecordercooperation.com,567200,Nightlife
Sedate Institute Company,Zimbabwe,sedateinstitutecompany.com,198900,Porch
Wrathful Coral Inc.,Peru,wrathfulcoralinc..com,376200,Grenade
Agonizing Shoehorn Cooperation,Croatia,agonizingshoehorncooperation.com,655700,Minor
Unaccountable Vector Cooperation,Switzerland,unaccountablevectorcooperation.com,490200,Mink
Glib Competition Team,Monaco,glibcompetitionteam.com,194600,Kind
Furtive Spike Inc.,Ireland Republic,furtivespikeinc..com,913900,Mouser
Giant Wall Inc.,Canada,giantwallinc..com,123700,Turf
Hungry Frog Cooperation,Liberia,hungryfrogcooperation.com,996400,Metal
Cute Cause Team,Italy,cutecauseteam.com,202200,Pith
Kaput Usher Group,Cuba,kaputushergroup.com,292300,Advocacy
Zealous Stamp Cooperation,Japan,zealousstampcooperation.com,950600,Aide
Big Rescue Cooperation,Netherlands,bigrescuecooperation.com,142800,Asphalt
Thundering Wallaby Imternational,Italy,thunderingwallabyimternational.com,764300,Renaissance
Nosy Text Inc.,United Arab Emirates,nosytextinc..com,257800,Artificer
Talented Pinstripe Team,Armenia,talentedpinstripeteam.com,427300,Rationale
Happy Blanket Company,Slovenia,happyblanketcompany.com,291400,Tankful
Aback Gyro Cooperation,Panama,abackgyrocooperation.com,756800,Quality
Ablaze Gran Team,Ethiopia,ablazegranteam.com,479700,Statute
Cultured Serum Cooperation,Macedonia,culturedserumcooperation.com,690200,Discovery
Slippery Attitude Cooperation,Bahrain,slipperyattitudecooperation.com,832700,Array
Oval Lesbian Inc.,Japan,ovallesbianinc..com,589900,Terracotta
Didactic Blanket Inc.,Panama,didacticblanketinc..com,809000,Cause
Harsh Almond Team,Mali,harshalmondteam.com,949600,Footnote
Festive Listening Team,Liberia,festivelisteningteam.com,804400,Impostor
Workable Rain Team,Saint Vincent & the Grenadines,workablerainteam.com,847700,Dumbwaiter
Vivacious Universe Team,Andorra,vivaciousuniverseteam.com,775800,Syndicate
Judicious Pamphlet Group,Swaziland,judiciouspamphletgroup.com,234900,Revolver
Clumsy Elver Cooperation,Vanuatu,clumsyelvercooperation.com,991300,Lark
Cheerful Scheduling Group,Singapore,cheerfulschedulinggroup.com,751800,Premier
High Gearshift Team,Georgia,highgearshiftteam.com,361300,Attack
Woozy Spank Cooperation,Brunei,woozyspankcooperation.com,90500,Box
Rotten Health-Care Company,Equatorial Guinea,rottenhealth-carecompany.com,496000,Yacht
Supreme Venti Team,Brazil,supremeventiteam.com,583700,Merit
Panicky Command Imternational,Congo,panickycommandimternational.com,114300,Petticoat
Sulky Turban Imternational,Botswana,sulkyturbanimternational.com,432500,Satin
Internal Victim Company,Kosovo,internalvictimcompany.com,475000,Programming
Spectacular Wifi Inc.,Tajikistan,spectacularwifiinc..com,289500,Chain
Exuberant Fortress Imternational,Poland,exuberantfortressimternational.com,339600,Praise
Laughable Statistics Cooperation,Sao Tome & Principe,laughablestatisticscooperation.com,627500,Sight
Lewd Appeal Team,Dominica,lewdappealteam.com,700300,Dome
Berserk Ketchup Inc.,Papua New Guinea,berserkketchupinc..com,863900,Period
Misty Statin Inc.,Mongolia,mistystatininc..com,255700,Gamebird
Troubled Painter Team,Germany,troubledpainterteam.com,769700,Voter
Brainy Gladiolus Team,Burkina,brainygladiolusteam.com,655700,Silence
Muddy Dime Group,Somalia,muddydimegroup.com,671100,Rug
Sassy Perpendicular Team,Gabon,sassyperpendicularteam.com,425800,Ambassador
Stingy Doctrine Company,Russian Federation,stingydoctrinecompany.com,864700,Optimal
Wakeful Atom Team,South Sudan,wakefulatomteam.com,384900,Shrine
Gaudy Disco Imternational,Kiribati,gaudydiscoimternational.com,871000,Best-Seller
Skillful Dress Imternational,Bolivia,skillfuldressimternational.com,404500,Exposition
Burly Will Company,Poland,burlywillcompany.com,160600,Vineyard
Bumpy Assist Team,Mexico,bumpyassistteam.com,658100,Vinyl
Large Finisher Company,Kosovo,largefinishercompany.com,786900,Soliloquy
Lush Sycamore Inc.,Guinea,lushsycamoreinc..com,46700,Clipboard
Ragged Sunflower Company,Uganda,raggedsunflowercompany.com,974500,Immigration
Obtainable Manacle Team,Ukraine,obtainablemanacleteam.com,145400,Review
Lively Academics Inc.,Somalia,livelyacademicsinc..com,789000,Symptom
Torpid Wasabi Imternational,Uganda,torpidwasabiimternational.com,848300,Herring
Courageous Mid-Course Company,Saudi Arabia,courageousmid-coursecompany.com,216200,Mast
Obeisant Flip-Flops Group,Spain,obeisantflip-flopsgroup.com,551600,Pumpkin
Elated Block Inc.,Korea South,elatedblockinc..com,472700,Crucifixion
Zippy Newsstand Company,India,zippynewsstandcompany.com,747400,Parliament
Adjoining Textual Inc.,Colombia,adjoiningtextualinc..com,436800,Executive
Dashing Broad Cooperation,Jordan,dashingbroadcooperation.com,510000,Railing
Sassy Institute Cooperation,Senegal,sassyinstitutecooperation.com,2600,Jellybeans
Funny Impala Team,Maldives,funnyimpalateam.com,531800,Petticoat
Boring Overheard Team,Sri Lanka,boringoverheardteam.com,541900,Plantation
Thoughtful Split Team,Kenya,thoughtfulsplitteam.com,323500,Brood
Piquant Cell Company,Panama,piquantcellcompany.com,652400,Pelican
Frail Crush Cooperation,Italy,frailcrushcooperation.com,628100,Airmail
Grouchy Latter Cooperation,Guinea,grouchylattercooperation.com,201800,Capacity
Curved Wick Imternational,Georgia,curvedwickimternational.com,718800,Productivity
Placid Broadcast Inc.,Ghana,placidbroadcastinc..com,297600,Palm
Impartial Cast Inc.,Israel,impartialcastinc..com,556800,Loyalty
Disturbed Contrary Team,Gabon,disturbedcontraryteam.com,828500,Mousse
Changeable Quiver Company,Chile,changeablequivercompany.com,588700,Fleck
Magical Elicit Cooperation,Guinea,magicalelicitcooperation.com,394100,Mochi
Frantic Familiar Inc.,Micronesia,franticfamiliarinc..com,27400,Impress
Fabulous Inlay Team,St Lucia,fabulousinlayteam.com,57100,Pistol
Greasy Mattock Team,Guinea-Bissau,greasymattockteam.com,559600,Message
Harmonious Glacier Team,Ivory Coast,harmoniousglacierteam.com,178900,Rambler
Jazzy Rosemary Cooperation,Netherlands,jazzyrosemarycooperation.com,157400,Proof
Abject Emery Company,Papua New Guinea,abjectemerycompany.com,279300,Primate
Premium Thunderstorm Imternational,Bahamas,premiumthunderstormimternational.com,943600,Viola
Quarrelsome Wheel Inc.,Mali,quarrelsomewheelinc..com,170700,Vixen
Hushed Millennium Company,Palau,hushedmillenniumcompany.com,297100,Yogurt
Steady Booty Group,Slovenia,steadybootygroup.com,48200,Plain
Axiomatic Disruption Imternational,Yemen,axiomaticdisruptionimternational.com,433700,Termite
Exultant Tussle Imternational,Burkina,exultanttussleimternational.com,958400,Entree
Short Something Cooperation,Ivory Coast,shortsomethingcooperation.com,905900,Rider
Famous Ruin Inc.,St Lucia,famousruininc..com,647300,Belly
Illustrious Molding Cooperation,Brunei,illustriousmoldingcooperation.com,729000,Tech
Hysterical Omega Cooperation,South Africa,hystericalomegacooperation.com,417700,Hybridisation
Macho Granny Team,Serbia,machogrannyteam.com,139000,Willow
Healthy Body Imternational,Zambia,healthybodyimternational.com,883700,Chance
Fabulous Lover Team,Korea South,fabulousloverteam.com,524600,Zebrafish
Raspy Notepad Company,Papua New Guinea,raspynotepadcompany.com,152400,Lending
Sore Octopus Inc.,Senegal,soreoctopusinc..com,73000,Herring
Cautious Plowman Cooperation,Bolivia,cautiousplowmancooperation.com,866700,Contention
Flippant Corporal Imternational,Sudan,flippantcorporalimternational.com,483900,Fibre
Aloof Counter-Force Company,Indonesia,aloofcounter-forcecompany.com,155400,Wiretap
Cuddly Breast Imternational,Latvia,cuddlybreastimternational.com,892700,Footprint
Melodic Nonsense Company,Mauritania,melodicnonsensecompany.com,621300,Subprime
Long Earring Company,Brunei,longearringcompany.com,233700,Poor
Stereotyped Wad Imternational,Portugal,stereotypedwadimternational.com,105000,Magazine
Abstracted Painter Company,Philippines,abstractedpaintercompany.com,877200,Yoga
Flaky Tear Team,Nigeria,flakytearteam.com,422400,Going
Moldy Deviation Group,Sweden,moldydeviationgroup.com,920000,Seashore
Hungry Milestone Imternational,Iran,hungrymilestoneimternational.com,584800,Yoyo
Sore Native Company,Saudi Arabia,sorenativecompany.com,904100,Smoking
Jagged Thrill Team,Tuvalu,jaggedthrillteam.com,333600,Upper
Rich Administrator Inc.,Namibia,richadministratorinc..com,961600,Ferry
Tranquil Crack Inc.,France,tranquilcrackinc..com,580400,Sand
Lewd Atom Company,Fiji,lewdatomcompany.com,152600,Neuropsychiatry
Astonishing Literate Company,Hungary,astonishingliteratecompany.com,449800,Armoire
Adhesive Mint Cooperation,Honduras,adhesivemintcooperation.com,335700,Wildlife
Sedate Progress Inc.,Georgia,sedateprogressinc..com,460500,Access
Curly Stacking Company,Malawi,curlystackingcompany.com,665300,Bull
Cagey Cirrhosis Team,Iran,cageycirrhosisteam.com,509200,Inch
Soft Listening Company,Congo Democratic Rep,softlisteningcompany.com,197300,Quota
Zealous Yew Team,Guinea,zealousyewteam.com,935600,Yarn
Minor Pile Cooperation,Spain,minorpilecooperation.com,920200,Winery
Raspy Hemp Group,Laos,raspyhempgroup.com,248800,Melody
Fancy Boogeyman Company,Laos,fancyboogeymancompany.com,634600,Kingdom
Changeable Choice Imternational,Honduras,changeablechoiceimternational.com,207000,Bathroom
Ignorant Tankful Inc.,Oman,ignoranttankfulinc..com,952300,Anteater
Panicky Data Group,Samoa,panickydatagroup.com,452600,Floor
X-Rated Composite Imternational,Albania,x-ratedcompositeimternational.com,781500,Triumph
Nice Citizenship Company,Nepal,nicecitizenshipcompany.com,457200,Lily
Gorgeous Clutch Company,Peru,gorgeousclutchcompany.com,225800,Marimba
Sticky Jellyfish Cooperation,Namibia,stickyjellyfishcooperation.com,411100,Irony
Afraid Wriggler Cooperation,Thailand,afraidwrigglercooperation.com,393200,Deviation
Foregoing Dialect Company,Mongolia,foregoingdialectcompany.com,6200,Usher
Ragged Solicitation Inc.,Suriname,raggedsolicitationinc..com,908900,Proponent
Unable Draft Cooperation,Monaco,unabledraftcooperation.com,200100,Quiche
Receptive Sailboat Inc.,Vanuatu,receptivesailboatinc..com,481800,Dependent
Draconian Axis Team,Switzerland,draconianaxisteam.com,657100,Bangle
Hapless Idea Imternational,Russian Federation,haplessideaimternational.com,899200,Storyboard
Screeching Romance Inc.,Kuwait,screechingromanceinc..com,439300,Syrup
Teeny-Tiny Kangaroo Group,Cambodia,teeny-tinykangaroogroup.com,939900,Mutation
Languid Banjo Cooperation,Vanuatu,languidbanjocooperation.com,480600,Bulldozer
Squeamish Antennae Group,Liechtenstein,squeamishantennaegroup.com,501200,Sibling
Ethereal Sender Company,Guatemala,etherealsendercompany.com,191200,Jacket
Faded Hydrocarbon Group,Laos,fadedhydrocarbongroup.com,562700,Botany
Guiltless Wheat Group,Maldives,guiltlesswheatgroup.com,51900,Limo
Super Mail Cooperation,Tanzania,supermailcooperation.com,778400,Gossip
Placid Threshold Inc.,Korea North,placidthresholdinc..com,451500,Forever
Oval Willingness Inc.,Uruguay,ovalwillingnessinc..com,293900,Donut
Oval Ecosystem Team,Burkina,ovalecosystemteam.com,47100,Evening
Flipped-Out Digging Company,Grenada,flipped-outdiggingcompany.com,270400,Smile
Youthful Dimension Cooperation,Panama,youthfuldimensioncooperation.com,21700,Insomnia
Dizzy Halloween Group,Belize,dizzyhalloweengroup.com,206000,Science
Flashy Airport Inc.,Saint Vincent & the Grenadines,flashyairportinc..com,825800,Author
Unarmed Diversity Group,Zambia,unarmeddiversitygroup.com,707900,Puppet
Smelly Pimp Cooperation,Israel,smellypimpcooperation.com,690600,Prosecutor
Silent Peacock Team,Serbia,silentpeacockteam.com,149700,Gadget
Substantial Meme Inc.,Guatemala,substantialmemeinc..com,319500,Notepad
Neighborly Timpani Team,Philippines,neighborlytimpaniteam.com,118400,Carol
Lethal Page Inc.,Bahamas,lethalpageinc..com,883600,Freight
Habitual Vermicelli Team,Kenya,habitualvermicelliteam.com,263600,Emanate
Scintillating Estimate Group,Madagascar,scintillatingestimategroup.com,382800,Polliwog
Abject Cheek Group,Burkina,abjectcheekgroup.com,197300,Lettuce
Disillusioned Cube Cooperation,Eritrea,disillusionedcubecooperation.com,718800,Pinkie
Melted Controller Imternational,Bangladesh,meltedcontrollerimternational.com,399700,Hoe
Forgetful Department Imternational,Andorra,forgetfuldepartmentimternational.com,440400,Term
Voiceless Gravitas Inc.,Luxembourg,voicelessgravitasinc..com,656600,Job
Embarrassed Ash Imternational,Georgia,embarrassedashimternational.com,669500,Wheat
Strange Bout Imternational,Kiribati,strangeboutimternational.com,106000,Cupcake
Scientific Play Inc.,Sao Tome & Principe,scientificplayinc..com,174200,Chauvinist
Vivacious Moccasins Team,Israel,vivaciousmoccasinsteam.com,172000,Robin
Nondescript Randomisation Cooperation,Congo,nondescriptrandomisationcooperation.com,412300,Raffle
Fertile Workhorse Company,Spain,fertileworkhorsecompany.com,20700,Legislature
Faulty Gaiters Inc.,Niger,faultygaitersinc..com,358800,Class
Prickly Cupola Company,Ghana,pricklycupolacompany.com,207500,Gavel
Cold Skywalk Group,Barbados,coldskywalkgroup.com,623800,Netsuke
Languid Welcome Cooperation,Panama,languidwelcomecooperation.com,642500,Squatter
Black Shadowbox Group,Switzerland,blackshadowboxgroup.com,40000,Cook
Stereotyped Dolphin Group,Senegal,stereotypeddolphingroup.com,627900,Meatloaf
Pumped Current Imternational,India,pumpedcurrentimternational.com,905400,Android
Plausible Yellowjacket Inc.,Bahamas,plausibleyellowjacketinc..com,991400,Pumpkinseed
Sordid Walk Cooperation,Austria,sordidwalkcooperation.com,862400,Recliner
Debonair Turkey Group,Honduras,debonairturkeygroup.com,277700,Mess
Easy Room Inc.,Macedonia,easyroominc..com,535000,Swordfight
Clumsy Bongo Imternational,Mexico,clumsybongoimternational.com,831500,Plate
Political Servitude Team,Belize,politicalservitudeteam.com,737800,Subsidence
Rambunctious Canteen Inc.,San Marino,rambunctiouscanteeninc..com,251100,Attribute
Drab Creme Brulee Company,Malta,drabcremebruleecompany.com,492500,Devastation
Exultant Velocity Inc.,Mongolia,exultantvelocityinc..com,522800,Relay
Elfin Pressurisation Cooperation,Papua New Guinea,elfinpressurisationcooperation.com,952200,Gravel
Groovy Wound Imternational,St Kitts & Nevis,groovywoundimternational.com,391800,Package
Wasteful Yellowjacket Cooperation,Finland,wastefulyellowjacketcooperation.com,279000,Vertigo
Willing Workplace Group,Egypt,willingworkplacegroup.com,708600,Confirmation
Murky Secretariat Cooperation,Ecuador,murkysecretariatcooperation.com,47900,Amazon
Hungry Bunch Group,Thailand,hungrybunchgroup.com,647100,Witch
Jagged Eve Inc.,Finland,jaggedeveinc..com,545100,Reporter
Salty Clip Company,Colombia,saltyclipcompany.com,473300,Lychee
Grieving Inspiration Cooperation,Algeria,grievinginspirationcooperation.com,908800,Lack
Combative Boss Team,Vatican City,combativebossteam.com,243600,Investor
Solid Cleavage Inc.,Malawi,solidcleavageinc..com,688500,Acknowledgment
Fabulous Daybed Company,Czech Republic,fabulousdaybedcompany.com,332200,Form
Ancient Clay Imternational,Vietnam,ancientclayimternational.com,150600,Angle
Abandoned Step-Son Cooperation,Seychelles,abandonedstep-soncooperation.com,532700,Koala
Acoustic Hygienic Group,Brazil,acoustichygienicgroup.com,513600,Riddle
Aboriginal Sage Company,Spain,aboriginalsagecompany.com,879000,Wonder
Pathetic South Cooperation,Finland,patheticsouthcooperation.com,875000,Trader
Dispensable Clause Group,Lesotho,dispensableclausegroup.com,333200,Footrest
Poised Chemical Team,Iceland,poisedchemicalteam.com,15200,Luck
Wistful Trumpet Inc.,Turkey,wistfultrumpetinc..com,713600,Production
Empty Tick Team,Austria,emptytickteam.com,20800,Virginal
Tangible Reveal Cooperation,New Zealand,tangiblerevealcooperation.com,549300,Marshland
Squalid Eyeball Team,Afghanistan,squalideyeballteam.com,230200,Likelihood
Ahead Equality Team,Jamaica,aheadequalityteam.com,490200,Rebellion
Towering Parameter Team,St Lucia,toweringparameterteam.com,448700,Jail
Fertile Litter Cooperation,Vatican City,fertilelittercooperation.com,926500,Arthur
Yummy Caper Imternational,Brazil,yummycaperimternational.com,845800,Sesame
Dead Unblinking Cooperation,Korea North,deadunblinkingcooperation.com,818100,Dance
Wry Public Team,Estonia,wrypublicteam.com,30600,Questionnaire
Jazzy Petticoat Imternational,Sierra Leone,jazzypetticoatimternational.com,529500,Castle
Smooth Behold Imternational,Tunisia,smoothbeholdimternational.com,244200,Sanity
Fuzzy Infiltration Company,Czech Republic,fuzzyinfiltrationcompany.com,864000,Quest
Ripe Knife Imternational,Benin,ripeknifeimternational.com,398300,Championship
Squeamish Nicety Cooperation,Cuba,squeamishnicetycooperation.com,213700,Lament
Fuzzy Mattress Company,Iraq,fuzzymattresscompany.com,654300,Interaction
Receptive Decline Inc.,Palau,receptivedeclineinc..com,720200,Accent
Sedate Takeover Group,Bhutan,sedatetakeovergroup.com,217300,Wasabi
Crooked Dash Team,Colombia,crookeddashteam.com,691000,Microwave
Capable Cenotaph Group,Mongolia,capablecenotaphgroup.com,946200,Philosopher
Madly Chastity Team,Niger,madlychastityteam.com,174100,Shackle
Tight Majority Company,Grenada,tightmajoritycompany.com,73200,Rust
Holistic Supper Inc.,Botswana,holisticsupperinc..com,491500,Haven
Abusive Estuary Group,Algeria,abusiveestuarygroup.com,978300,Alpenhorn
Noiseless Dahlia Group,Nicaragua,noiselessdahliagroup.com,254900,Peony
Rural Idiom Imternational,Estonia,ruralidiomimternational.com,389000,Harpooner
Sleepy Maintenance Inc.,Algeria,sleepymaintenanceinc..com,520700,Existence
Thoughtless Side Inc.,Vanuatu,thoughtlesssideinc..com,893500,Background
Overrated Prairie Team,Liberia,overratedprairieteam.com,705800,Supreme
Ugliest Particular Team,Estonia,ugliestparticularteam.com,623800,Casserole
Therapeutic Bob Cooperation,Czech Republic,therapeuticbobcooperation.com,443500,Atm
Bizarre Cirrhosis Company,Brunei,bizarrecirrhosiscompany.com,996100,Godmother
Erratic Optimization Company,Sierra Leone,erraticoptimizationcompany.com,951100,Gesture
Delightful Invention Cooperation,Swaziland,delightfulinventioncooperation.com,530200,Inability
Literate Notation Inc.,Iceland,literatenotationinc..com,395400,Prompt
Repulsive Teapot Cooperation,Moldova,repulsiveteapotcooperation.com,988500,Flintlock
Troubled Dimension Inc.,Belize,troubleddimensioninc..com,426300,Boysenberry
Ratty Asset Team,Belize,rattyassetteam.com,278500,Chasm
Knowledgeable Graduate Group,Malawi,knowledgeablegraduategroup.com,228900,Lilac
Upbeat Fiberglass Imternational,Zimbabwe,upbeatfiberglassimternational.com,752300,Marketing
Pleasant Red Company,Malawi,pleasantredcompany.com,360000,Privilege
Scarce Eyelashes Team,Bolivia,scarceeyelashesteam.com,626000,Calibre
Exotic Respect Inc.,Azerbaijan,exoticrespectinc..com,329600,Grief
Graceful Poem Company,Tajikistan,gracefulpoemcompany.com,186500,Decryption
Abounding Pillow Inc.,Latvia,aboundingpillowinc..com,949400,Satire
Deeply Jealousy Inc.,Norway,deeplyjealousyinc..com,205600,Leeway
Humorous Epithelium Cooperation,Korea North,humorousepitheliumcooperation.com,199000,Encirclement
Cagey Smog Team,Moldova,cageysmogteam.com,131600,Strategy
Various Mechanic Group,Equatorial Guinea,variousmechanicgroup.com,993800,Robotics
Important Verb Company,Czech Republic,importantverbcompany.com,333800,Self-Confidence
Somber Pirate Team,Rwanda,somberpirateteam.com,229200,Wombat
Willing Rethinking Imternational,Hungary,willingrethinkingimternational.com,761600,Zebrafish
Shrill Disposition Team,Austria,shrilldispositionteam.com,220600,Influx
Hushed Individual Inc.,Guyana,hushedindividualinc..com,997800,Gel
Zany Stopwatch Cooperation,Vietnam,zanystopwatchcooperation.com,955900,Access
Axiomatic Hint Team,Venezuela,axiomatichintteam.com,550600,Quail
Absent Literate Inc.,United Arab Emirates,absentliterateinc..com,424800,Rope
Erect Limb Team,Indonesia,erectlimbteam.com,252000,Lament
Faulty Jewelry Group,Ukraine,faultyjewelrygroup.com,799500,Debate
Green Behold Company,Congo Democratic Rep,greenbeholdcompany.com,653600,Tabernacle
Innocent Flesh Company,Guinea-Bissau,innocentfleshcompany.com,576800,Rectangle
Daffy Bullet Team,Germany,daffybulletteam.com,691200,Justification
Spiritual Washer Group,Iran,spiritualwashergroup.com,813600,Spotlight
Dangerous Helicopter Cooperation,Uzbekistan,dangeroushelicoptercooperation.com,945600,Slipper
Loving Frock Imternational,Congo Democratic Rep,lovingfrockimternational.com,181000,Surge
Cautious Handball Cooperation,Korea South,cautioushandballcooperation.com,121300,Rabbit
Boorish Virginal Cooperation,Congo,boorishvirginalcooperation.com,45400,Bureau
Numberless Building Inc.,Ethiopia,numberlessbuildinginc..com,338200,Divine
Hissing Patina Inc.,Dominican Republic,hissingpatinainc..com,907900,Automation
Crazy Gang Team,Kazakhstan,crazygangteam.com,539900,Restructuring
Better Clearance Team,Uganda,betterclearanceteam.com,880400,Objection
Flat T-Shirt Team,Chile,flatt-shirtteam.com,199400,Doorbell
Fancy Cheesecake Group,South Sudan,fancycheesecakegroup.com,290600,Beanstalk
Stimulating Basis Team,Uganda,stimulatingbasisteam.com,163900,Aftermath
Dark Warming Company,Japan,darkwarmingcompany.com,326300,Year
Cautious Picnic Inc.,Montenegro,cautiouspicnicinc..com,524700,Indigence
Strong Ethernet Team,Romania,strongethernetteam.com,57700,Manicure
Fast Pegboard Cooperation,Italy,fastpegboardcooperation.com,818200,Nourishment
Ratty Rowboat Group,Kenya,rattyrowboatgroup.com,470100,Brochure
Nasty Workout Group,Luxembourg,nastyworkoutgroup.com,31100,Vinegar
Lavish Leptocephalus Inc.,Oman,lavishleptocephalusinc..com,216700,Prevalence
Shrill Stockings Imternational,Sierra Leone,shrillstockingsimternational.com,261300,Reset
Noisy Settler Imternational,Kenya,noisysettlerimternational.com,404300,Concrete
Easy Volunteering Group,Bangladesh,easyvolunteeringgroup.com,82600,Vitamin
Pointless Chocolate Cooperation,Trinidad & Tobago,pointlesschocolatecooperation.com,248600,Typeface
Aboriginal Eraser Imternational,Honduras,aboriginaleraserimternational.com,805300,Precipitation
Materialistic Skin Inc.,Honduras,materialisticskininc..com,927600,Burn-Out
Standing Earthquake Cooperation,Guyana,standingearthquakecooperation.com,898100,Affidavit
Damaging Photo Company,Nicaragua,damagingphotocompany.com,793900,Expertise
Ruthless Bench Team,Italy,ruthlessbenchteam.com,924200,Guilder
Snobbish Chess Company,Poland,snobbishchesscompany.com,779500,Jack
Glorious Mom Cooperation,Seychelles,gloriousmomcooperation.com,987500,Hydrant
Sparkling Rainy Company,Denmark,sparklingrainycompany.com,144100,Coincidence
Deserted Oboe Imternational,Austria,desertedoboeimternational.com,551800,Jungle
Embarrassed Progress Company,Serbia,embarrassedprogresscompany.com,368400,Well
Nice Choker Inc.,Costa Rica,nicechokerinc..com,560300,Devil
Guiltless Twilight Group,France,guiltlesstwilightgroup.com,290200,Hubris
Labored Footstep Imternational,Vatican City,laboredfootstepimternational.com,932200,Baker
Magenta Composition Cooperation,Uzbekistan,magentacompositioncooperation.com,409400,Clue
Cultured Insomnia Group,Armenia,culturedinsomniagroup.com,972600,Fulfillment
Tested Nutrient Inc.,Kazakhstan,testednutrientinc..com,753600,Canon
Eager Couple Inc.,Argentina,eagercoupleinc..com,651100,Anatomy
Puny Surname Imternational,Portugal,punysurnameimternational.com,307700,Fat
Afraid Spice Cooperation,Bhutan,afraidspicecooperation.com,101100,Comma
Lovely Vagrant Inc.,Israel,lovelyvagrantinc..com,148900,Default
Subdued Casket Company,Botswana,subduedcasketcompany.com,635100,Taxi
Placid Boyhood Team,Estonia,placidboyhoodteam.com,941100,Expansion
Quarrelsome Readiness Inc.,Guatemala,quarrelsomereadinessinc..com,275600,Timber
Devilish Complexity Team,United States,devilishcomplexityteam.com,83200,Canvas
Warlike Slavery Cooperation,Taiwan,warlikeslaverycooperation.com,914700,Palm
Tasteless Baker Team,Kazakhstan,tastelessbakerteam.com,501800,Zoot-Suit
Pastoral Call Group,Japan,pastoralcallgroup.com,225500,Buckwheat
Reflective Pipeline Cooperation,Barbados,reflectivepipelinecooperation.com,770200,Hippopotamus
Labored Car Imternational,Iraq,laboredcarimternational.com,380900,Quartet
Noiseless Differential Team,Venezuela,noiselessdifferentialteam.com,644200,Salmon
Cooperative Modernity Inc.,Malta,cooperativemodernityinc..com,792400,Bridge
Angry Pomelo Imternational,Nicaragua,angrypomeloimternational.com,110800,Take-Out
Meek Hunger Group,Malawi,meekhungergroup.com,947100,Monkey
Huge Headline Cooperation,Somalia,hugeheadlinecooperation.com,495900,Foundation
Tested Involvement Company,Burundi,testedinvolvementcompany.com,199800,Butcher
Lazy Addiction Company,Micronesia,lazyaddictioncompany.com,174700,Supply
Momentous Nexus Company,Chile,momentousnexuscompany.com,662600,Loafer
Abusive Attitude Team,Japan,abusiveattitudeteam.com,913500,Flood
Faint Doughnut Inc.,Equatorial Guinea,faintdoughnutinc..com,301600,Dysfunction
Hollow Capacity Imternational,Comoros,hollowcapacityimternational.com,584800,Gem
Sour General Inc.,Israel,sourgeneralinc..com,421700,Numeracy
Rich Hill Company,Moldova,richhillcompany.com,643300,Responsibility
Boiling Clove Cooperation,Sao Tome & Principe,boilingclovecooperation.com,609900,Certification
Dramatic Bartender Team,United Arab Emirates,dramaticbartenderteam.com,425800,Oats
Joyous Lotion Company,Comoros,joyouslotioncompany.com,332800,Habitat
Economic Relay Cooperation,Madagascar,economicrelaycooperation.com,302700,Netball
Sable Heater Imternational,Belgium,sableheaterimternational.com,514200,Sturgeon
Few Equation Group,South Sudan,fewequationgroup.com,951400,Kennel
Wary Orient Cooperation,Egypt,waryorientcooperation.com,404700,Node
Vast Criterion Imternational,Bosnia Herzegovina,vastcriterionimternational.com,985000,Swing
Wasteful Necktie Inc.,Austria,wastefulnecktieinc..com,166900,Internet
Plain Report Company,Afghanistan,plainreportcompany.com,86700,Midline
Stereotyped Spiderling Cooperation,Switzerland,stereotypedspiderlingcooperation.com,100500,Herb
Divergent Handover Company,Bolivia,divergenthandovercompany.com,702800,Missile
Mundane Crate Team,Suriname,mundanecrateteam.com,926300,Legend
Big Flower Imternational,Philippines,bigflowerimternational.com,32900,Cream
Tight Subsidy Group,Ireland Republic,tightsubsidygroup.com,840600,Trial
Billowy Insect Company,Cambodia,billowyinsectcompany.com,465700,Schizophrenic
Fuzzy Muskrat Inc.,Colombia,fuzzymuskratinc..com,706700,Academy
Adjoining Picture Imternational,Liberia,adjoiningpictureimternational.com,295800,Lack
Inquisitive Armour Group,Burkina,inquisitivearmourgroup.com,364500,Seashore
Thoughtless Sunlight Cooperation,St Kitts & Nevis,thoughtlesssunlightcooperation.com,325400,Texture
Callous General Company,Syria,callousgeneralcompany.com,386900,Medication
Silent Individual Group,Djibouti,silentindividualgroup.com,754700,Chicken
Voiceless Cucumber Company,Solomon Islands,voicelesscucumbercompany.com,384900,Mezzanine
Steep Heartache Company,East Timor,steepheartachecompany.com,316000,Prohibition
Vengeful Instance Group,Laos,vengefulinstancegroup.com,8600,Hexagon
Aboard Manufacturing Company,Angola,aboardmanufacturingcompany.com,737400,Cause
Typical Sandbar Company,Guatemala,typicalsandbarcompany.com,237700,Shout
Gullible Homonym Group,Bhutan,gulliblehomonymgroup.com,341600,Stamen
Outrageous Cruelty Group,India,outrageouscrueltygroup.com,317000,Chronograph
Belligerent Professor Inc.,Vanuatu,belligerentprofessorinc..com,11300,Conditioner
Roomy Allocation Imternational,Latvia,roomyallocationimternational.com,318300,Trombone
Draconian Object Group,Madagascar,draconianobjectgroup.com,155200,Lad
Healthy Coffin Team,Sierra Leone,healthycoffinteam.com,677300,Accompanist
Fierce Television Group,Mongolia,fiercetelevisiongroup.com,640700,Saloon
Bored Indigence Team,Algeria,boredindigenceteam.com,534000,Plywood
Quick Generosity Imternational,Philippines,quickgenerosityimternational.com,857000,Protection
Real Membrane Inc.,Albania,realmembraneinc..com,700900,Agriculture
Obeisant Chair Group,Guinea-Bissau,obeisantchairgroup.com,305800,Attendance
Auspicious Bomb Cooperation,Botswana,auspiciousbombcooperation.com,684400,Calcification
Agonizing Almighty Group,Kyrgyzstan,agonizingalmightygroup.com,774100,Prosecution
Psychedelic Reference Cooperation,Canada,psychedelicreferencecooperation.com,248700,Mythology
Temporary Transit Company,Uganda,temporarytransitcompany.com,815100,Mastication
Puffy Precedent Imternational,Comoros,puffyprecedentimternational.com,485300,Thaw
Busy Initial Team,Oman,busyinitialteam.com,646600,Analogue
Condemned Crude Inc.,France,condemnedcrudeinc..com,879900,Satire
Wrathful Ligand Cooperation,Marshall Islands,wrathfulligandcooperation.com,501100,Makeup
Gifted Coonskin Group,Tonga,giftedcoonskingroup.com,256000,Tinderbox
Trite E-Mail Cooperation,Austria,tritee-mailcooperation.com,495100,Supernatural
Threatening Sunroom Team,Tajikistan,threateningsunroomteam.com,146800,Ratepayer
Noisy Hunt Cooperation,Sri Lanka,noisyhuntcooperation.com,250600,Toll
Rare Teammate Cooperation,Albania,rareteammatecooperation.com,52200,Buckle
Dirty Thorn Inc.,Jamaica,dirtythorninc..com,935900,Duckling
Disillusioned Leash Inc.,Malta,disillusionedleashinc..com,44000,Originality
Level Admission Inc.,Nigeria,leveladmissioninc..com,356200,Downstairs
Modern Noon Group,Djibouti,modernnoongroup.com,754600,Prior
Callous Crazy Inc.,Comoros,callouscrazyinc..com,529100,Utilization
Fearless Cub Team,Netherlands,fearlesscubteam.com,671700,Dozen
Economic Linseed Inc.,Indonesia,economiclinseedinc..com,264300,Ceramic
Kind Screwdriver Imternational,Spain,kindscrewdriverimternational.com,377800,Master
Cloistered Tracking Imternational,Andorra,cloisteredtrackingimternational.com,581200,Dryer
Quixotic Avalanche Imternational,Kosovo,quixoticavalancheimternational.com,388400,Artifact
Tightfisted Horn Cooperation,Liberia,tightfistedhorncooperation.com,201800,Infrastructure
Coherent Clause Cooperation,Saint Vincent & the Grenadines,coherentclausecooperation.com,43200,Insulation
Bumpy Cord Team,El Salvador,bumpycordteam.com,896500,Imbalance
Impartial Fireplace Imternational,Brazil,impartialfireplaceimternational.com,883900,Ride
Big Emission Team,Moldova,bigemissionteam.com,256300,Hops
Hollow Grill Company,Pakistan,hollowgrillcompany.com,615800,Pole
Kind Channel Imternational,Croatia,kindchannelimternational.com,672600,Worship
Mushy Mansion Inc.,Brunei,mushymansioninc..com,886500,Attendance
